{
  "chars_per_token": 4.064543186335815,
  "n_trials": 610,
  "n_calls_total": 20230,
  "llm_calls_per_trial": {
    "mean": 33.16393442622951,
    "p50": 30.0,
    "p90": 57.0,
    "p99": 89.90999999999997,
    "min": 6,
    "max": 100
  },
  "input_tokens_per_call": {
    "mean": 68329.0,
    "p50": 64052.83153964995,
    "p90": 114896.67561411808,
    "p99": 165454.28826068275,
    "min": 11631.319396219606,
    "max": 232026.8125506594
  },
  "cached_tokens_per_call": {
    "mean": 66279.95939279103,
    "p50": 62892.30751917513,
    "p90": 114182.5240189872,
    "p99": 164463.91866305296,
    "min": 0.0,
    "max": 231800.710881205
  },
  "computed_uncached_per_call": {
    "mean": 2049.040607208965,
    "p50": 319.5931105780791,
    "p90": 6364.675884603237,
    "p99": 15513.32268088007,
    "min": 2.952361298642763,
    "max": 52318.302513031966
  },
  "output_tokens_per_call": {
    "mean": 511.56102739289133,
    "p50": 242.09362648870658,
    "p90": 1114.1227420644893,
    "p99": 4766.065732829308,
    "min": 31.49185385218947,
    "max": 13807.209673319321
  },
  "cache_hit_rate": 0.9700121382252214,
  "uncached_fraction": 0.029987861774778635,
  "input_output_ratio": 133.56959647264517,
  "uncached_heavy_tail_top10pct_share": 0.5566492392361256,
  "output_heavy_tail_top10pct_share": 0.5138783135998188,
  "inter_call_delay_s": null,
  "context_growth_by_call": [
    [
      0,
      12170.679102629429
    ],
    [
      1,
      20599.305195044602
    ],
    [
      2,
      27740.95989120114
    ],
    [
      3,
      32887.529820148775
    ],
    [
      4,
      37090.21612876675
    ],
    [
      5,
      40370.935259760925
    ],
    [
      6,
      43291.60004702629
    ],
    [
      7,
      45977.738187016446
    ],
    [
      8,
      48582.07177421105
    ],
    [
      9,
      51047.09621189854
    ],
    [
      10,
      53418.64037223704
    ],
    [
      11,
      55754.87925560204
    ],
    [
      12,
      57945.42925227617
    ],
    [
      13,
      60045.71509410316
    ],
    [
      14,
      61900.26992853394
    ],
    [
      15,
      63791.598742738766
    ],
    [
      16,
      66049.58964275675
    ],
    [
      17,
      67617.00456222372
    ],
    [
      18,
      69232.04564758898
    ],
    [
      19,
      70749.84820330188
    ],
    [
      20,
      72664.96989127544
    ],
    [
      21,
      73936.23696244451
    ],
    [
      22,
      75703.38719423524
    ],
    [
      23,
      77264.8425369348
    ],
    [
      24,
      79048.173869815
    ],
    [
      25,
      80889.73388618002
    ],
    [
      26,
      82506.57477087075
    ],
    [
      27,
      84316.27998010597
    ],
    [
      28,
      85739.81050275263
    ],
    [
      29,
      87260.49530123011
    ],
    [
      30,
      89024.96534985388
    ],
    [
      31,
      91028.48099010205
    ],
    [
      32,
      92215.98879153605
    ],
    [
      33,
      93130.77242829748
    ],
    [
      34,
      95366.14052560655
    ],
    [
      35,
      96285.38024212852
    ],
    [
      36,
      97277.62592291465
    ],
    [
      37,
      98281.77980848595
    ],
    [
      38,
      99174.05348413727
    ],
    [
      39,
      100807.68147349075
    ],
    [
      40,
      101627.84344606088
    ],
    [
      41,
      101928.0128500899
    ],
    [
      42,
      103564.18823679343
    ],
    [
      43,
      104828.11837701839
    ],
    [
      44,
      106997.35640695892
    ],
    [
      45,
      107300.8328017371
    ],
    [
      46,
      108388.41995187623
    ],
    [
      47,
      109119.13816841916
    ],
    [
      48,
      110469.82693219285
    ],
    [
      49,
      111736.27734057987
    ],
    [
      50,
      112183.12523686839
    ],
    [
      51,
      112857.08749908145
    ],
    [
      52,
      112626.11690000659
    ],
    [
      53,
      113487.09657678478
    ],
    [
      54,
      112802.04509208607
    ],
    [
      55,
      114673.30487886493
    ],
    [
      56,
      118175.53968430131
    ],
    [
      57,
      119090.46793432388
    ],
    [
      58,
      121008.56434931462
    ],
    [
      59,
      120748.93702217388
    ]
  ]
}